STATION,LINE,YEAR,SURVEY_DATE_USED,WHETHER_SURVEYED,IN_0200_0600,OUT_0200_0600,IN_0600_0930,OUT_0600_0930,IN_0930_1500,OUT_0930_1500,IN_1500_1830,OUT_1500_1830,IN_1830_0200,OUT_1830_0200,IN_24_HOURS,OUT_24_HOURS,RANK,STATION_SORT_ID
Central,CBD,2014,6/05/2014,Yes,940,920,10390,42070,21400,30150,45370,16270,19010,7700,97110,97110,1,101
Town Hall,CBD,2014,7/05/2014,Yes,880,880,6380,43210,16930,23550,43670,15270,21760,6720,89620,89620,2,102
Wynyard,CBD,2014,20/05/2014,Yes,590,570,4710,39620,9200,11180,35010,6510,10690,2330,60200,60200,3,103
Parramatta,Western,2014,19/11/2014,Yes,660,330,7790,13700,7400,7020,14960,8660,4150,5260,34960,34960,4,905
North Sydney,North Shore,2014,19/08/2014,Yes,270,270,2340,18340,4450,5590,17760,3050,3790,1360,28610,28610,5,1402
Redfern,CBD,2014,1/05/2014,Yes,250,250,3910,10690,5350,8170,12510,4250,3660,2320,25680,25680,6,108
Chatswood,North Shore,2014,19/08/2014,Yes,210,200,5030,8200,4710,4930,9430,6000,2820,2860,22200,22200,7,1407
Bondi Junction,Eastern Suburbs,2014,2/09/2014,Yes,210,210,10150,4350,4370,4600,5240,8330,1910,4380,21880,21880,8,203
Strathfield,Inner West,2014,9/09/2014,Yes,190,190,7900,4050,4980,3950,5540,7230,2100,5280,20710,20710,9,1110
Circular Quay,CBD,2014,22/05/2014,Yes,200,200,2110,8750,4340,6710,9910,3380,4070,1600,20630,20630,10,104
Martin Place,CBD,2014,27/05/2014,Yes,200,190,590,14250,2900,3420,12340,1790,4600,970,20630,20630,10,107
Hurstville,Illawarra,2014,28/05/2014,Yes,160,160,7790,2200,5230,4180,3840,7450,1270,4290,18290,18290,12,310
St Leonards,North Shore,2014,27/05/2014,Yes,170,170,3420,8900,3090,3310,8780,3230,2130,1990,17590,17590,13,1405
Blacktown,Western,2014,14/10/2014,Yes,190,210,6460,3370,4270,3450,4600,7090,1040,2450,16560,16560,14,911
Burwood,Inner West,2014,9/09/2014,Yes,140,140,4850,2930,4470,3670,4020,5060,1510,3190,14990,14990,15,1109
Kings Cross,Eastern Suburbs,2014,3/09/2013,No,120,120,3690,3820,3110,2670,4400,3640,1550,2620,12870,12870,16,201
Hornsby,North Shore,2014,14/05/2014,Yes,210,100,5550,2260,3060,2390,2750,5200,680,2290,12250,12250,17,1417
Ashfield,Inner West,2014,4/09/2013,No,100,100,5090,2010,2690,2220,2500,4500,820,2370,11200,11200,18,1107
Kogarah,Illawarra,2014,19/06/2014,Yes,90,100,4000,2970,3150,2320,3210,3450,650,2260,11100,11100,19,307
Lidcombe,South,2014,5/06/2014,Yes,100,100,4570,1620,2870,2210,2550,3900,820,3080,10910,10910,20,702
Auburn,Western,2014,19/11/2014,Yes,130,60,3880,1790,3220,2900,2700,3890,960,2260,10890,10890,21,901
Museum,CBD,2014,22/05/2014,Yes,100,100,800,6290,2220,2340,5980,1230,1760,910,10860,10860,22,106
Epping,Northern via Strathfield,2014,21/05/2014,Yes,170,90,5700,1580,2130,1600,1970,4920,600,2380,10570,10570,23,1208
Macquarie University,Northern via Macquarie Park,2014,21/05/2014,Yes,100,100,1310,3220,2570,3940,4530,1970,1580,860,10090,10090,24,1303
St James,CBD,2014,27/05/2014,Yes,100,90,780,5880,1900,2160,5630,1120,1440,580,9850,9850,25,105
Rockdale,Illawarra,2014,28/05/2014,Yes,90,90,4660,780,2610,2170,1670,3770,610,2820,9640,9640,26,306
Cabramatta,South,2014,11/06/2014,Yes,150,80,3780,1070,2760,2820,1750,3760,290,1000,8730,8730,27,708
Bankstown,Bankstown,2014,13/05/2014,Yes,80,60,3010,1810,2400,2570,2840,3130,300,1050,8630,8630,28,612
Liverpool,South,2014,4/06/2014,Yes,150,80,2510,2270,2510,2260,2610,2650,570,1100,8350,8350,29,710
Sutherland,Illawarra,2014,12/06/2014,Yes,140,70,4260,1460,1920,1650,1750,3900,250,1240,8320,8320,30,316
Fairfield,South,2014,12/06/2014,Yes,140,70,3330,1320,2670,2330,1650,3330,260,990,8050,8050,31,706
Westmead,Western,2014,7/03/2013,No,130,70,2940,2470,2060,1610,2270,2250,440,1430,7840,7840,32,906
Penrith,Western,2014,8/10/2014,Yes,240,10,3510,1650,1880,1460,1540,2950,350,1460,7520,7520,33,928
Mount Druitt,Western,2014,14/11/2012,No,140,70,4300,720,1840,1580,910,3600,220,1440,7410,7410,34,924
Edgecliff,Eastern Suburbs,2014,3/09/2013,No,70,70,3100,1840,1620,1600,1920,2440,480,1230,7190,7190,35,202
Mascot,Airport,2014,Mar-14,Yes,40,170,1510,3570,1200,1090,3580,1350,760,910,7090,7090,36,402
Eastwood,Northern via Strathfield,2014,14/05/2014,Yes,120,60,3640,880,1600,1620,1400,3430,310,1070,7070,7070,37,1207
Milsons Point,North Shore,2014,11/06/2014,Yes,60,60,2270,2110,1500,1390,2370,2050,790,1370,6990,6990,38,1401
Newtown,Inner West,2014,4/09/2013,No,70,60,2510,1310,1640,1450,1860,2360,820,1720,6900,6900,39,1102
Campsie,Bankstown,2014,13/05/2014,Yes,60,60,3170,680,2050,1850,1250,3380,200,760,6730,6730,40,607
Seven Hills,Western,2014,7/03/2013,No,110,60,3930,1040,1310,1280,1140,3270,200,1030,6690,6690,41,910
Rhodes,Northern via Strathfield,2014,28/05/2014,Yes,60,70,2210,2320,1360,1270,2600,1910,420,1090,6650,6650,42,1203
Domestic Airport,Airport,2014,Mar-14,Yes,10,280,1140,1520,2110,2110,1550,1820,1300,380,6110,6110,43,403
Granville,Western,2014,7/03/2013,No,110,60,2590,1110,1520,1270,1420,2480,440,1170,6080,6080,44,903
West Ryde,Northern via Strathfield,2014,14/05/2014,Yes,100,50,2930,1060,1370,1360,1240,2600,250,800,5890,5890,45,1205
Campbelltown,East Hills,2014,27/05/2014,Yes,110,50,3130,920,1220,1140,1140,2740,150,900,5750,5750,46,518
Green Square,Airport,2014,Mar-14,Yes,0,0,1630,2900,850,830,2820,1190,430,800,5730,5730,47,401
Gordon,North Shore,2014,27/06/2013,No,50,50,3000,1000,1220,1180,1100,2190,290,1240,5660,5660,48,1411
Sydenham,Illawarra,2014,8/05/2014,Yes,50,50,1900,1720,1180,950,1910,1730,620,1210,5660,5660,48,301
Merrylands,South,2014,11/06/2014,Yes,90,50,2190,670,1520,1550,1270,2280,210,720,5280,5280,50,703
Artarmon,North Shore,2014,27/08/2013,No,90,50,2920,760,970,880,1000,2440,280,1130,5260,5260,51,1406
Gosford,Central Coast,2014,21/11/2013,No,520,20,2400,1000,880,930,1170,2060,80,1050,5050,5050,52,1808
Glenfield,East Hills,2014,20/08/2013,No,80,40,3180,830,1090,520,370,2430,80,960,4800,4800,53,513
Turramurra,North Shore,2014,21/08/2014,Yes,30,30,2950,560,800,620,680,2450,110,900,4570,4570,54,1413
Lakemba,Bankstown,2014,13/05/2014,Yes,70,40,1970,610,1360,1270,1030,2070,130,590,4560,4560,55,609
St Marys,Western,2014,27/03/2013,No,60,20,2370,830,1070,850,890,2120,170,740,4560,4560,55,925
Wolli Creek,Illawarra,2014,3/06/2014,Yes,80,40,1610,660,1090,730,1180,1640,330,1230,4290,4290,57,303
Woy Woy,Central Coast,2014,14/11/2013,No,650,0,2570,210,650,750,300,2280,100,1030,4270,4270,58,1804
Mortdale,Illawarra,2014,20/06/2013,No,40,40,2660,310,930,850,500,2140,110,900,4240,4240,59,312
Revesby,East Hills,2014,28/05/2014,Yes,40,40,2480,370,770,650,790,2550,100,580,4180,4180,60,509
Riverwood,East Hills,2014,21/08/2013,No,80,40,2390,320,940,710,580,2110,120,940,4110,4110,61,507
Olympic Park,Olympic Park,2014,18/06/2013,No,0,0,270,2230,510,1040,2890,290,420,530,4090,4090,62,801
Lindfield,North Shore,2014,15/08/2013,No,30,30,2330,540,830,790,700,2040,180,660,4070,4070,63,1409
Marrickville,Bankstown,2014,8/05/2014,Yes,30,40,1890,570,1040,1010,850,1790,150,560,3960,3960,64,603
Macquarie Park,Northern via Macquarie Park,2014,21/05/2014,Yes,40,30,440,2130,460,460,2360,360,600,900,3900,3900,65,1302
Caringbah,Illawarra,2014,27/05/2014,Yes,50,30,1790,1010,710,790,1250,1570,90,490,3890,3890,66,320
Ingleburn,East Hills,2014,29/05/2014,Yes,120,30,1940,630,730,690,730,1720,160,610,3680,3680,68,515
Miranda,Illawarra,2014,27/05/2014,Yes,60,30,1440,700,1090,1250,1090,1340,100,450,3780,3780,67,319
Penshurst,Illawarra,2014,27/05/2014,Yes,50,30,2450,330,630,550,410,1900,50,780,3590,3590,69,311
Petersham,Inner West,2014,9/09/2014,Yes,30,30,1530,1030,1060,600,780,1400,190,540,3590,3590,69,1104
Summer Hill,Inner West,2014,5/09/2013,No,30,30,2210,450,690,670,530,1670,130,770,3590,3590,69,1106
Padstow,East Hills,2014,10/08/2011,No,50,30,2490,380,530,650,440,1980,60,540,3570,3570,72,508
Wentworthville,Western,2014,26/03/2013,No,50,30,2660,180,510,520,280,1860,50,960,3550,3550,73,907
Stanmore,Inner West,2014,5/09/2013,No,30,30,1970,750,530,560,880,1470,100,700,3510,3510,74,1103
Meadowbank,Northern via Strathfield,2014,26/03/2013,No,30,30,2040,730,740,970,390,1330,240,380,3440,3440,75,1204
St Peters,Bankstown,2014,5/03/2013,No,30,30,1770,760,510,500,830,1340,200,710,3340,3340,76,602
Pennant Hills,Northern via Macquarie Park,2014,29/05/2014,Yes,40,30,1760,730,610,600,840,1570,60,400,3310,3310,77,1306
Holsworthy,East Hills,2014,21/08/2013,No,30,30,2340,190,450,270,330,1830,100,950,3250,3250,78,512
Kingswood,Western,2014,27/03/2013,No,60,30,1230,740,790,880,900,1140,210,400,3190,3190,79,927
Pendle Hill,Western,2014,26/03/2013,No,40,30,2070,470,510,520,450,1390,80,740,3150,3150,80,908
Pymble,North Shore,2014,21/08/2014,Yes,20,20,1580,750,390,390,960,1380,100,500,3050,3050,82,1412
Punchbowl,Bankstown,2014,11/06/2014,Yes,50,30,1640,330,850,690,500,1730,100,360,3140,3140,81,611
Waitara,North Shore,2014,22/08/2013,No,40,20,1710,830,440,360,810,1260,40,570,3040,3040,83,1416
Flemington,South,2014,5/06/2014,Yes,20,30,1360,680,720,530,740,1300,170,490,3010,3010,84,701
Kingsgrove,East Hills,2014,18/06/2013,No,20,20,1290,880,690,470,790,1210,160,360,2950,2950,85,504
Quakers Hill,Western,2014,13/06/2013,No,60,0,2080,280,410,440,340,1660,60,570,2950,2950,85,913
International Airport,Airport,2014,Mar-14,Yes,0,100,700,1170,1130,950,630,480,490,250,2950,2950,85,404
Minto,East Hills,2014,25/06/2013,No,50,20,1700,420,470,400,540,1560,110,470,2870,2870,88,516
Guildford,South,2014,20/08/2013,No,50,30,1520,300,670,650,450,1370,130,480,2820,2820,89,704
Jannali,Illawarra,2014,26/06/2013,No,30,30,1940,180,500,380,310,1590,40,630,2820,2820,89,315
Belmore,Bankstown,2014,5/03/2013,No,40,20,1460,310,650,680,580,1570,60,220,2790,2790,91,608
Rooty Hill,Western,2014,26/03/2013,No,50,20,1840,190,550,460,260,1550,60,540,2760,2760,92,923
Beverly Hills,East Hills,2014,8/05/2014,Yes,60,10,1770,400,380,400,360,1240,90,610,2660,2660,93,505
Macarthur,East Hills,2014,4/06/2014,Yes,50,20,1110,390,700,750,650,1120,150,370,2660,2660,93,519
Cronulla,Illawarra,2014,13/06/2013,No,40,20,1370,360,700,680,440,1150,100,430,2650,2650,95,322
Roseville,North Shore,2014,19/08/2014,Yes,20,20,1740,320,370,450,420,1370,60,440,2610,2610,96,1408
North Strathfield,Northern via Strathfield,2014,1/05/2014,Yes,20,20,1560,480,340,400,570,1070,110,610,2600,2600,97,1201
Waverton,North Shore,2014,20/08/2014,Yes,20,20,1760,160,460,410,250,1390,50,550,2540,2540,98,1403
Wollstonecraft,North Shore,2014,20/08/2014,Yes,20,20,1760,160,460,410,250,1390,50,550,2540,2540,98,1404
Leumeah,East Hills,2014,27/06/2013,No,50,20,1600,130,530,320,240,1510,50,490,2470,2470,100,517
Concord West,Northern via Strathfield,2014,19/03/2013,No,20,20,1280,460,420,330,590,1220,150,420,2460,2460,101,1202
Toongabbie,Western,2014,20/11/2012,No,50,20,1500,240,480,430,340,1290,80,460,2450,2450,102,909
Canley Vale,South,2014,11/06/2014,Yes,40,20,1370,190,650,490,320,1260,50,460,2430,2430,103,707
Thornleigh,Northern via Macquarie Park,2014,27/03/2013,No,50,20,1560,180,480,300,260,1400,70,500,2420,2420,104,1307
Wahroonga,North Shore,2014,21/08/2014,Yes,30,20,1220,600,290,370,800,1060,70,380,2410,2410,105,1415
Dulwich Hill,Bankstown,2014,8/05/2014,Yes,20,20,1330,420,450,500,530,1050,70,420,2400,2400,106,604
Croydon,Inner West,2014,4/09/2012,No,20,20,1400,450,390,490,470,970,100,440,2380,2380,107,1108
Warwick Farm,South,2014,13/06/2012,No,40,20,1440,240,500,400,320,1270,80,460,2380,2380,107,709
Wollongong,South Coast,2014,28/10/2014,Yes,150,10,730,630,660,690,640,600,200,460,2380,2380,107,1517
Doonside,Western,2014,6/06/2013,No,40,20,1680,170,390,380,220,1260,40,530,2370,2370,110,922
Carlton,Illawarra,2014,3/06/2014,Yes,40,20,1590,170,460,440,210,1180,50,530,2350,2350,111,308
Killara,North Shore,2014,27/08/2013,No,10,20,1590,210,380,410,280,1320,80,400,2340,2340,112,1410
Gymea,Illawarra,2014,11/06/2014,Yes,30,20,1420,280,450,430,370,1100,40,490,2310,2310,113,318
Lewisham,Inner West,2014,6/09/2012,No,20,20,1220,480,430,300,490,1100,130,400,2290,2290,114,1105
Berala,Bankstown,2014,5/06/2014,Yes,20,20,1390,120,510,530,290,1230,50,360,2260,2260,115,615
Beecroft,Northern via Macquarie Park,2014,20/08/2013,No,30,20,1630,150,330,340,190,1230,40,480,2220,2220,116,1305
Arncliffe,Illawarra,2014,28/05/2014,Yes,20,20,1430,210,410,500,290,1030,60,450,2210,2210,117,304
Erskineville,Bankstown,2014,28/05/2014,Yes,20,20,930,430,410,420,610,920,150,330,2120,2120,118,601
Homebush,Inner West,2014,5/06/2014,Yes,20,20,1030,330,470,460,520,950,80,360,2120,2120,118,1111
Canterbury,Bankstown,2014,8/05/2014,Yes,30,20,810,560,480,450,690,740,70,300,2080,2080,120,606
Yagoona,Bankstown,2014,22/05/2014,Yes,30,20,1270,200,470,450,260,1020,50,390,2080,2080,120,613
Wiley Park,Bankstown,2014,13/05/2014,Yes,20,20,1090,260,570,490,350,960,40,330,2070,2070,122,610
Oatley,Illawarra,2014,27/03/2014,Yes,20,10,1300,340,280,370,430,1010,30,330,2060,2060,123,313
Narwee,East Hills,2014,3/06/2014,Yes,20,20,1350,110,410,360,210,1090,30,440,2020,2020,124,506
Allawah,Illawarra,2014,22/08/2013,No,10,20,1310,150,350,340,220,950,20,460,1910,1910,125,309
North Wollongong,South Coast,2014,14/08/2012,No,20,0,380,670,730,620,470,360,260,210,1860,1860,126,1516
Berowra,North Shore,2014,21/08/2013,No,40,0,1420,110,180,360,120,970,20,340,1780,1780,127,1421
Normanhurst,Northern via Macquarie Park,2014,26/03/2013,No,20,10,1020,490,420,290,290,690,30,310,1780,1780,127,1308
Emu Plains,Western,2014,25/10/2012,No,150,20,1060,230,270,140,210,970,30,370,1720,1720,129,929
Harris Park,Western,2014,7/03/2013,No,20,20,920,260,400,360,280,740,90,320,1710,1710,130,904
Wyong,Central Coast,2014,16/10/2014,Yes,210,10,810,170,360,390,240,660,50,450,1670,1670,131,1814
Katoomba,Blue Mountains,2014,11/09/2012,No,60,0,350,260,580,710,550,450,120,240,1660,1660,132,1715
North Ryde,Northern via Macquarie Park,2014,21/05/2014,Yes,0,0,230,990,260,280,980,250,170,110,1640,1640,133,1301
Panania,East Hills,2014,21/08/2013,No,30,10,800,510,270,180,480,660,30,260,1610,1610,134,510
Engadine,Illawarra,2014,14/06/2012,No,30,10,900,320,240,220,370,750,40,280,1580,1580,135,324
Warrawee,North Shore,2014,13/05/2014,Yes,10,10,670,660,110,120,770,580,20,210,1580,1580,135,1414
Banksia,Illawarra,2014,3/06/2014,Yes,10,10,980,110,280,230,250,920,40,300,1560,1560,137,305
Regents Park,Bankstown,2014,11/06/2014,Yes,20,10,520,540,340,280,600,560,60,150,1540,1540,138,616
Tempe,Illawarra,2014,3/06/2014,Yes,10,10,820,470,350,170,280,580,70,290,1530,1530,139,302
Springwood,Blue Mountains,2014,21/11/2013,No,90,0,790,220,250,280,340,750,50,270,1520,1520,140,1706
Cheltenham,Northern via Macquarie Park,2014,27/06/2013,No,10,10,740,480,300,200,420,540,10,250,1480,1480,141,1304
Asquith,North Shore,2014,27/03/2013,No,30,10,820,690,550,30,40,470,30,260,1470,1470,142,1418
Kirrawee,Illawarra,2014,22/08/2013,No,30,10,790,170,350,260,220,740,60,260,1450,1450,143,317
Thirroul,South Coast,2014,7/08/2012,No,50,10,950,70,330,160,90,880,20,310,1440,1440,144,1509
Hurlstone Park,Bankstown,2014,5/03/2013,No,10,10,900,90,320,270,120,660,20,320,1370,1370,145,605
Tuggerah,Central Coast,2014,7/11/2012,No,130,10,700,140,300,340,190,650,50,240,1370,1370,145,1813
Chester Hill,Bankstown,2014,14/08/2013,No,20,10,640,290,350,340,280,570,50,140,1340,1340,147,618
Woolooware,Illawarra,2014,27/05/2014,Yes,20,10,840,130,280,240,160,690,20,260,1320,1320,148,321
Macquarie Fields,East Hills,2014,14/08/2013,No,20,10,770,120,260,190,190,740,50,230,1290,1290,149,514
Yennora,South,2014,4/06/2014,Yes,20,10,450,340,240,200,390,510,130,150,1230,1230,150,705
Windsor,Western,2014,25/11/2014,Yes,40,10,390,120,250,230,480,610,60,240,1220,1220,151,918
Macdonaldtown,Inner West,2014,5/09/2013,No,10,10,570,240,200,210,290,500,90,200,1160,1160,152,1101
Birrong,Bankstown,2014,6/03/2013,No,10,10,540,340,310,170,260,470,20,160,1140,1140,153,614
Civic,Newcastle,2014,22/10/2014,Yes,10,20,170,430,330,310,510,180,80,160,1100,1100,154,1916
Bardwell Park,East Hills,2014,18/06/2013,No,10,10,770,40,200,180,90,600,10,260,1080,1080,155,502
Werrington,Western,2014,28/08/2013,No,20,10,680,60,220,190,140,600,10,220,1070,1070,156,926
Morisset,Newcastle,2014,20/11/2012,No,70,10,630,110,220,180,110,580,30,180,1060,1060,157,1903
Broadmeadow,Newcastle,2014,23/10/2014,Yes,50,20,470,170,270,290,230,370,20,170,1040,1040,158,1913
Marayong,Western,2014,27/03/2013,No,20,10,590,130,160,170,160,460,40,190,970,970,159,912
Newcastle,Newcastle,2014,21/10/2014,Yes,20,10,220,240,440,460,230,170,60,90,970,970,159,1917
Warabrook (University),Hunter,2014,29/08/2013,No,10,10,80,500,330,310,510,90,10,30,940,940,161,2002
Bexley North,East Hills,2014,5/06/2012,No,10,10,630,50,170,100,80,610,30,160,920,920,162,503
Riverstone,Western,2014,25/11/2014,Yes,30,10,400,150,180,190,230,400,40,130,880,880,163,915
Cardiff,Newcastle,2014,4/12/2012,No,70,20,400,130,170,160,160,440,70,150,870,870,164,1910
Richmond,Western,2014,25/11/2014,Yes,30,0,420,100,230,280,160,320,30,160,870,870,164,921
Hamilton,Newcastle,2014,15/10/2014,Yes,30,10,220,200,290,250,220,270,100,140,860,860,166,1914
East Hills,East Hills,2014,18/06/2013,No,20,10,580,50,140,140,80,500,20,140,840,840,167,511
Loftus,Illawarra,2014,14/06/2012,No,10,10,430,140,170,150,190,400,40,140,840,840,167,323
Como,Illawarra,2014,26/06/2012,No,10,10,650,20,130,60,30,570,10,180,830,830,169,314
Heathcote,Illawarra,2014,13/06/2013,No,20,10,440,230,280,100,80,370,10,130,830,830,169,325
Schofields,Western,2014,13/06/2013,No,40,10,640,20,90,80,40,510,10,210,820,820,171,914
Clyde,Western,2014,19/11/2013,No,10,10,250,270,160,170,250,240,100,80,770,770,172,902
Sefton,Bankstown,2014,11/06/2014,Yes,10,10,300,240,130,140,310,290,20,100,770,770,172,617
Villawood,Bankstown,2014,14/08/2013,No,10,10,290,140,220,230,180,290,50,90,750,750,174,620
Blaxland,Blue Mountains,2014,19/09/2012,No,40,0,470,50,130,110,60,400,20,160,720,720,175,1703
Helensburgh,South Coast,2014,21/08/2014,Yes,30,0,520,20,80,40,40,500,10,110,680,680,176,1501
Turrella,East Hills,2014,18/06/2013,No,10,10,380,110,140,110,100,300,40,130,670,670,177,501
Wickham,Newcastle,2014,16/10/2014,Yes,10,10,130,290,190,170,300,150,40,50,670,670,177,1915
Carramar,Bankstown,2014,19/06/2012,No,10,10,320,50,240,220,70,280,20,90,660,660,179,621
Maitland,Hunter,2014,3/06/2009,No,10,10,190,120,220,210,180,260,60,60,660,660,179,2012
Fassifern,Newcastle,2014,22/08/2013,No,30,10,310,110,160,120,110,290,10,100,620,620,181,1906
Dapto,South Coast,2014,15/10/2014,Yes,60,10,260,70,150,130,80,230,20,140,570,570,182,1525
Wentworth Falls,Blue Mountains,2014,19/08/2014,Yes,50,0,220,170,110,110,170,220,20,70,570,570,182,1713
Glenbrook,Blue Mountains,2014,19/08/2014,Yes,30,10,390,30,90,70,40,320,10,130,560,560,184,1702
Denistone,Northern via Strathfield,2014,2/05/2012,No,0,10,390,30,100,50,50,360,10,120,550,550,185,1206
Unanderra,South Coast,2014,16/08/2012,No,60,20,240,80,110,120,100,230,20,90,530,530,186,1523
Mount Colah,North Shore,2014,21/08/2013,No,10,0,460,20,40,130,10,250,0,140,520,520,187,1419
Oak Flats,South Coast,2014,21/10/2014,Yes,40,0,300,70,80,130,70,210,10,80,500,500,188,1527
Waterfall,Illawarra,2014,14/06/2012,No,10,0,320,30,120,70,40,280,10,100,500,500,188,326
East Richmond,Western,2014,7/04/2011,No,10,0,140,170,160,130,110,120,60,50,480,480,190,920
Narara,Central Coast,2014,5/11/2013,No,70,0,290,30,80,70,40,250,0,120,480,480,190,1809
Leura,Blue Mountains,2014,11/09/2012,No,40,0,170,60,150,160,80,170,20,60,460,460,192,1714
Victoria Street,Hunter,2014,3/06/2009,No,20,0,170,80,140,130,70,180,30,40,430,430,193,2009
Hazelbrook,Blue Mountains,2014,19/11/2013,No,50,0,230,40,70,90,50,210,20,70,420,420,194,1710
Wyee,Newcastle,2014,21/11/2012,No,50,0,210,20,80,70,40,230,10,60,390,390,195,1902
Bomaderry (Nowra),South Coast,2014,23/10/2014,Yes,30,10,180,30,80,140,80,150,10,40,380,380,196,1534
Carlingford,Carlingford,2014,18/11/2014,Yes,10,0,200,110,80,60,80,140,10,70,380,380,196,1006
Coniston,South Coast,2014,14/10/2014,Yes,20,0,190,40,90,90,70,180,10,70,380,380,196,1518
Mulgrave,Western,2014,20/11/2013,No,10,0,230,80,60,60,60,160,20,70,380,380,196,917
Ourimbah,Central Coast,2014,12/11/2013,No,30,10,170,90,70,70,70,160,30,50,370,370,200,1812
Warnervale,Newcastle,2014,21/11/2012,No,40,0,240,20,50,20,20,230,10,80,360,360,201,1901
Waratah,Hunter,2014,3/06/2009,No,0,0,120,70,90,110,90,120,50,50,350,350,202,2001
Telopea,Carlingford,2014,18/11/2014,Yes,0,0,260,30,50,70,20,130,10,100,340,340,203,1005
Beresfield,Hunter,2014,3/06/2009,No,0,20,140,60,110,100,60,120,20,30,330,330,204,2006
Albion Park,South Coast,2014,17/06/2014,Yes,20,0,220,20,50,70,30,190,0,40,320,320,205,1526
Casula,South,2014,19/06/2012,No,10,0,190,30,70,50,40,170,10,60,320,320,205,711
Hawkesbury River,Central Coast,2014,30/10/2012,No,0,0,150,50,110,90,50,150,10,40,320,320,205,1802
Leightonfield,Bankstown,2014,19/06/2012,No,10,0,20,150,60,80,170,70,60,10,320,320,205,619
Lithgow,Blue Mountains,2014,9/10/2014,Yes,20,0,120,20,100,80,70,170,10,40,320,320,205,1721
Mount Kuring-gai,North Shore,2014,22/05/2014,Yes,10,0,200,10,80,60,30,190,0,50,320,320,205,1420
Bellambi,South Coast,2014,14/08/2013,No,20,0,130,100,50,60,100,100,10,50,310,310,211,1512
Bowral,Southern Highlands,2014,18/06/2014,Yes,10,0,110,50,130,100,50,100,0,60,300,300,212,1609
Kiama,South Coast,2014,19/06/2014,Yes,10,0,120,30,120,130,50,120,0,30,300,300,212,1531
Blackheath,Blue Mountains,2014,21/08/2014,Yes,30,0,110,30,110,110,30,130,10,30,290,290,214,1717
Corrimal,South Coast,2014,13/08/2013,No,10,0,140,50,70,70,50,120,10,50,280,280,215,1513
Moss Vale,Southern Highlands,2014,19/06/2014,Yes,30,10,100,40,80,90,60,100,10,30,280,280,215,1611
Picton,Southern Highlands,2014,19/06/2014,Yes,20,0,140,10,60,50,40,120,10,70,270,270,217,1604
Bulli,South Coast,2014,20/08/2014,Yes,10,0,90,110,90,30,70,100,0,30,260,260,218,1510
Fairy Meadow,South Coast,2014,29/08/2013,No,20,0,130,40,40,70,50,90,10,50,250,250,219,1515
Lawson,Blue Mountains,2014,19/08/2014,Yes,30,0,100,20,90,40,30,150,0,50,250,250,219,1711
Rydalmere,Carlingford,2014,8/11/2012,No,0,0,50,130,20,60,120,50,50,10,240,240,221,1003
Telarah,Hunter,2014,3/06/2009,No,20,0,90,30,70,70,50,80,10,40,240,240,221,2013
Thornton,Hunter,2014,3/06/2009,No,0,0,120,50,50,60,50,120,20,10,240,240,221,2007
Woonona,South Coast,2014,20/08/2014,Yes,10,0,130,30,50,50,40,110,10,40,240,240,221,1511
Lisarow,Central Coast,2014,15/10/2014,Yes,30,0,120,50,40,40,30,90,10,50,230,230,225,1811
Faulconbridge,Blue Mountains,2014,12/09/2012,No,20,0,130,10,50,40,10,130,0,40,210,210,226,1707
Point Clare,Central Coast,2014,16/10/2014,Yes,30,10,140,10,30,20,10,120,0,50,210,210,226,1807
Tahmoor,Southern Highlands,2014,18/06/2014,Yes,30,10,100,10,40,40,30,90,10,60,210,210,226,1605
Dundas,Carlingford,2014,8/11/2012,No,0,0,150,10,40,10,10,150,0,40,200,200,229,1004
Woodford,Blue Mountains,2014,12/09/2012,No,20,0,120,0,60,60,0,110,0,30,200,200,229,1709
Metford,Hunter,2014,3/06/2009,No,10,0,100,20,40,80,30,80,10,20,190,190,231,2008
Mittagong,Southern Highlands,2014,17/06/2014,Yes,10,0,90,20,50,60,30,80,10,30,190,190,231,1608
Warrimoo,Blue Mountains,2014,5/11/2013,No,10,0,140,10,30,30,10,100,0,40,190,190,231,1704
Port Kembla,South Coast,2014,4/08/2010,No,10,0,60,50,50,50,40,40,20,20,180,180,234,1522
Tascott,Central Coast,2014,19/11/2013,No,0,0,150,10,20,10,0,90,0,60,170,170,235,1806
Austinmer,South Coast,2014,21/08/2013,No,0,0,130,0,20,30,10,80,0,50,160,160,236,1508
Lapstone,Blue Mountains,2014,12/09/2012,No,10,0,130,0,20,20,0,110,0,40,160,160,236,1701
Stanwell Park,South Coast,2014,21/08/2013,No,0,0,130,0,20,30,10,80,0,50,160,160,236,1503
Adamstown,Newcastle,2014,22/08/2013,No,10,0,60,40,30,20,40,70,10,30,150,150,239,1912
Niagara Park,Central Coast,2014,15/11/2012,No,20,0,70,20,30,30,20,70,0,30,140,140,240,1810
Bullaburra,Blue Mountains,2014,21/11/2013,No,10,0,60,10,40,20,20,80,0,20,130,130,241,1712
Bargo,Southern Highlands,2014,18/06/2014,Yes,20,0,50,0,30,20,20,60,0,30,120,120,242,1606
Berry,South Coast,2014,27/08/2013,No,20,0,50,10,20,20,20,60,10,10,120,120,242,1533
East Maitland,Hunter,2014,3/06/2009,No,0,0,20,50,50,40,40,30,10,10,120,120,242,2010
Towradgi,South Coast,2014,9/10/2014,Yes,0,0,80,10,20,10,20,90,0,20,120,120,242,1514
Vineyard,Western,2014,21/11/2012,No,0,0,30,50,30,30,50,40,10,10,120,120,242,916
Koolewong,Central Coast,2014,31/10/2012,No,10,0,80,0,20,10,0,80,0,20,110,110,247,1805
Rosehill,Carlingford,2014,25/11/2014,Yes,0,0,60,20,20,20,20,40,10,30,110,110,247,1001
Booragul,Newcastle,2014,28/10/2014,Yes,0,0,20,70,10,10,70,10,0,10,100,100,249,1907
Clarendon,Western,2014,21/11/2012,No,0,0,40,10,40,20,20,70,0,10,100,100,249,919
Goulburn,Southern Highlands,2014,17/06/2014,Yes,10,0,30,10,50,40,0,0,10,50,100,100,249,1618
Valley Heights,Blue Mountains,2014,5/11/2013,No,10,0,70,10,10,20,10,50,0,20,100,100,249,1705
Bathurst,Blue Mountains,2014,30-31/10/12,No,90,0,0,0,0,0,0,0,0,90,90,90,253,1728
High Street,Hunter,2014,39967,No,0,0,30,20,20,30,20,30,20,10,90,90,253,2011
Mount Victoria,Blue Mountains,2014,20/09/2012,No,10,0,50,0,30,20,0,50,0,20,90,90,253,1718
Cowan,Central Coast,2014,15/10/2014,Yes,0,0,40,0,30,20,10,50,0,10,80,80,256,1801
Camellia,Carlingford,2014,5/11/2013,No,0,0,0,50,10,10,40,10,20,0,70,70,257,1002
Dora Creek,Newcastle,2014,11/12/2012,No,0,0,40,10,20,20,10,40,0,10,70,70,257,1904
Minnamurra,South Coast,2014,18/08/2014,Yes,10,0,40,10,20,30,0,30,0,10,70,70,257,1529
Otford,South Coast,2014,8/08/2012,No,10,0,40,0,20,20,0,40,0,10,70,70,257,1502
Gerringong,South Coast,2014,27/08/2013,No,0,0,30,10,20,20,10,20,0,10,60,60,261,1532
Sandgate,Hunter,2014,3/06/2009,No,0,0,20,40,10,10,30,10,0,0,60,60,261,2003
Coledale,South Coast,2014,19/08/2014,Yes,10,0,40,10,0,0,0,30,0,10,50,50,263,1507
Dungog,Hunter,2014,3/06/2009,No,0,0,20,0,10,20,20,20,0,10,50,50,263,2020
Hexham,Hunter,2014,3/06/2009,No,0,0,20,20,10,10,20,10,0,10,50,50,263,2004
Kotara,Newcastle,2014,22/08/2013,No,0,0,30,10,10,10,10,20,0,10,50,50,263,1911
Muswellbrook,Hunter,2014,3/06/2009,No,0,0,20,0,20,20,0,20,10,0,50,50,263,2027
Teralba,Newcastle,2014,4/12/2012,No,0,10,30,10,10,10,10,30,0,10,50,50,263,1908
Douglas Park,Southern Highlands,2014,19/06/2014,Yes,10,0,20,0,10,0,0,20,0,20,40,40,269,1603
Singleton,Hunter,2014,3/06/2009,No,0,0,20,20,10,0,10,30,0,10,40,40,269,2026
Awaba,Newcastle,2014,22/10/2014,Yes,0,0,30,0,0,10,0,20,0,10,30,30,271,1905
Bundanoon,Southern Highlands,2014,19/06/2014,Yes,10,0,20,0,0,0,0,10,0,10,30,30,271,1613
Cockle Creek,Newcastle,2014,28/11/2012,No,0,0,20,10,0,10,10,10,0,10,30,30,271,1909
Medlow Bath,Blue Mountains,2014,21/08/2014,Yes,0,0,20,0,10,10,0,20,0,10,30,30,271,1716
Wombarra,South Coast,2014,20/08/2013,No,0,0,20,0,10,10,0,30,0,10,30,30,271,1506
Yerrinbool,Southern Highlands,2014,17/06/2014,Yes,10,0,10,0,10,0,0,10,0,10,30,30,271,1607
Cringila,South Coast,2014,8/10/2014,Yes,0,0,0,20,10,10,10,10,0,0,20,20,277,1520
Martins Creek,Hunter,2014,3/06/2009,No,0,0,10,0,0,0,10,10,0,0,20,20,277,2016
Menangle Park,Southern Highlands,2014,19/06/2014,Yes,0,0,10,0,10,10,0,10,0,0,20,20,277,1601
Port Kembla North,South Coast,2014,18/09/2014,Yes,0,0,0,10,10,0,10,10,0,0,20,20,277,1521
Scone,Hunter,2014,3/06/2009,No,10,0,0,0,0,0,0,10,10,10,20,20,277,2029
Tarro,Hunter,2014,3/06/2009,No,0,0,10,0,10,0,0,10,0,0,20,20,277,2005
Aberdeen,Hunter,2014,3/06/2009,No,0,0,0,0,0,0,0,0,0,0,10,10,283,2028
Bombo,South Coast,2014,18/09/2014,Yes,0,0,10,0,0,0,0,10,0,0,10,10,283,1530
Branxton,Hunter,2014,3/06/2009,No,0,0,0,0,0,0,0,0,0,0,10,10,283,2024
Burradoo,Southern Highlands,2014,25/05/2010,No,0,0,0,0,0,0,0,0,0,0,10,10,283,1610
Coalcliff,South Coast,2014,9/08/2012,No,0,0,10,0,0,0,0,10,0,0,10,10,283,1504
Dunmore (Shellharbour),South Coast,2014,18/06/2014,Yes,0,0,10,0,0,10,0,10,0,0,10,10,283,1528
Exeter,Southern Highlands,2014,25/05/2010,No,0,0,10,0,0,0,0,10,0,0,10,10,283,1612
Greta,Hunter,2014,3/06/2009,No,0,0,0,0,0,0,0,10,0,0,10,10,283,2023
Linden,Blue Mountains,2014,19/08/2014,Yes,0,0,10,0,0,10,0,10,0,0,10,10,283,1708
Marulan,Southern Highlands,2014,17/06/2014,Yes,0,0,0,0,0,0,0,0,10,10,10,10,283,1617
Menangle,Southern Highlands,2014,17/06/2014,Yes,0,0,10,0,0,0,0,10,0,0,10,10,283,1602
Paterson,Hunter,2014,3/06/2009,No,0,0,10,0,0,0,0,10,0,0,10,10,283,2015
Scarborough,South Coast,2014,22/08/2013,No,0,0,10,0,0,0,0,10,0,0,10,10,283,1505
Tallong,Southern Highlands,2014,25/05/2010,No,0,0,10,0,0,0,0,0,0,10,10,10,283,1616
Wondabyne,Central Coast,2014,21/11/2012,No,0,0,0,0,0,0,0,0,0,0,10,10,283,1803
Bell,Blue Mountains,2014,0,No,0,0,0,0,0,0,0,0,0,0,0,0,298,1719
Hilldale,Hunter,2014,3/06/2009,No,0,0,0,0,0,0,0,0,0,0,0,0,298,2017
Kembla Grange Racecourse,South Coast,2014,15/02/1996,No,0,0,0,0,0,0,0,0,0,0,0,0,298,1524
Lochinvar,Hunter,2014,3/06/2009,No,0,0,0,0,0,0,0,0,0,0,0,0,298,2021
Lysaghts,South Coast,2014,12/11/2013,No,0,0,0,0,0,0,0,0,0,0,0,0,298,1519
Mindaribba,Hunter,2014,3/06/2009,No,0,0,0,0,0,0,0,0,0,0,0,0,298,2014
Penrose,Southern Highlands,2014,25/05/2010,No,0,0,0,0,0,0,0,0,0,0,0,0,298,1614
Wallarobba,Hunter,2014,3/06/2009,No,0,0,0,0,0,0,0,0,0,0,0,0,298,2018
Wingello,Southern Highlands,2014,25/05/2010,No,0,0,0,0,0,0,0,0,0,0,0,0,298,1615
Wirragulla,Hunter,2014,3/06/2009,No,0,0,0,0,0,0,0,0,0,0,0,0,298,2019
Zig Zag,Blue Mountains,2014,9/10/2014,Yes,0,0,0,0,0,0,0,0,0,0,0,0,298,1720
